Métrique,Baseline,Optimisé,Amélioration,Amélioration_%
F1_Score,0.8681592039800995,0.066543438077634,-0.8016157659024655,-92.33511114406623
Recall,0.8004587155963303,0.04128440366972477,-0.7591743119266056,-94.84240687679083
Precision,0.9483695652173914,0.17142857142857143,-0.7769409937888199,-81.92386410151452
Accuracy,0.9721419185282523,0.8672798948751642,-0.10486202365308805,-10.786699107866992
ROC_AUC,0.9285923871456153,0.5840222917534673,-0.344570095392148,-37.10671120741323
