{
    "train_metrics": {
        "accuracy": 1.0,
        "precision": 1.0,
        "recall": 1.0,
        "f1": 1.0,
        "auc": 1.0
    },
    "test_metrics": {
        "accuracy": 0.8919842312746387,
        "precision": 0.8378378378378378,
        "recall": 0.07110091743119266,
        "f1": 0.13107822410147993,
        "auc": 0.8041703769664589
    },
    "confusion_matrix": [
        [
            3363,
            6
        ],
        [
            405,
            31
        ]
    ],
    "training_time": 13.302005290985107
}