{
    "train_metrics": {
        "accuracy": 0.9565362630836612,
        "precision": 0.997090203685742,
        "recall": 0.9157449335609829,
        "f1": 0.9546879232287273,
        "auc": 0.9913734329379055
    },
    "test_metrics": {
        "accuracy": 0.9061760840998686,
        "precision": 0.816,
        "recall": 0.23394495412844038,
        "f1": 0.36363636363636365,
        "auc": 0.868672407079116
    },
    "confusion_matrix": [
        [
            3346,
            23
        ],
        [
            334,
            102
        ]
    ],
    "training_time": 0.7890415191650391
}