{
    "train_metrics": {
        "accuracy": 0.8733946997253359,
        "precision": 0.8085889570552147,
        "recall": 0.978398040234578,
        "f1": 0.8854254139934836,
        "auc": 0.9738702462437958
    },
    "test_metrics": {
        "accuracy": 0.6659658344283838,
        "precision": 0.15918367346938775,
        "recall": 0.44724770642201833,
        "f1": 0.23479831426851294,
        "auc": 0.5853760405859142
    },
    "confusion_matrix": [
        [
            2339,
            1030
        ],
        [
            241,
            195
        ]
    ],
    "training_time": 0.027992963790893555
}