{
    "train_metrics": {
        "accuracy": 1.0,
        "precision": 1.0,
        "recall": 1.0,
        "f1": 1.0,
        "auc": 1.0
    },
    "test_metrics": {
        "accuracy": 0.8864651773981603,
        "precision": 0.5909090909090909,
        "recall": 0.02981651376146789,
        "f1": 0.056768558951965066,
        "auc": 0.7650454358547032
    },
    "confusion_matrix": [
        [
            3360,
            9
        ],
        [
            423,
            13
        ]
    ],
    "training_time": 6.239000082015991
}