{
    "train_metrics": {
        "accuracy": 0.8808631111791262,
        "precision": 0.8164939276403637,
        "recall": 0.9825541357410666,
        "f1": 0.8918599805528545,
        "auc": 0.9786327811827628
    },
    "test_metrics": {
        "accuracy": 0.6662286465177398,
        "precision": 0.1581967213114754,
        "recall": 0.4426605504587156,
        "f1": 0.23309178743961353,
        "auc": 0.5862896593604396
    },
    "confusion_matrix": [
        [
            2342,
            1027
        ],
        [
            243,
            193
        ]
    ],
    "training_time": 0.006003856658935547
}