{
    "train_metrics": {
        "accuracy": 1.0,
        "precision": 1.0,
        "recall": 1.0,
        "f1": 1.0,
        "auc": 1.0
    },
    "test_metrics": {
        "accuracy": 0.8883048620236531,
        "precision": 0.7619047619047619,
        "recall": 0.03669724770642202,
        "f1": 0.0700218818380744,
        "auc": 0.7504816581840363
    },
    "confusion_matrix": [
        [
            3364,
            5
        ],
        [
            420,
            16
        ]
    ],
    "training_time": 12.735006332397461
}