{
    "train_metrics": {
        "accuracy": 0.9441846656275514,
        "precision": 0.9980028293251227,
        "recall": 0.8901506717137979,
        "f1": 0.9409964692036092,
        "auc": 0.9855631030266354
    },
    "test_metrics": {
        "accuracy": 0.8914586070959264,
        "precision": 0.7674418604651163,
        "recall": 0.07568807339449542,
        "f1": 0.13778705636743216,
        "auc": 0.7830890662571041
    },
    "confusion_matrix": [
        [
            3359,
            10
        ],
        [
            403,
            33
        ]
    ],
    "training_time": 0.9569973945617676
}