{
    "train_metrics": {
        "accuracy": 0.8731908260966377,
        "precision": 0.8090730268010818,
        "recall": 0.9769167965560751,
        "f1": 0.8851080999293904,
        "auc": 0.9733053363545253
    },
    "test_metrics": {
        "accuracy": 0.666754270696452,
        "precision": 0.15733113673805602,
        "recall": 0.4380733944954128,
        "f1": 0.2315151515151515,
        "auc": 0.58397259415992
    },
    "confusion_matrix": [
        [
            2346,
            1023
        ],
        [
            245,
            191
        ]
    ],
    "training_time": 0.00400233268737793
}