{
    "train_metrics": {
        "accuracy": 1.0,
        "precision": 1.0,
        "recall": 1.0,
        "f1": 1.0,
        "auc": 1.0
    },
    "test_metrics": {
        "accuracy": 0.888042049934297,
        "precision": 0.7083333333333334,
        "recall": 0.0389908256880734,
        "f1": 0.07391304347826087,
        "auc": 0.7515031820075649
    },
    "confusion_matrix": [
        [
            3362,
            7
        ],
        [
            419,
            17
        ]
    ],
    "training_time": 22.11119818687439
}