{
    "train_metrics": {
        "accuracy": 0.892810199789695,
        "precision": 0.6739130434782609,
        "recall": 0.12449799196787148,
        "f1": 0.21016949152542372,
        "auc": 0.8728024885963253
    },
    "test_metrics": {
        "accuracy": 0.8699080157687253,
        "precision": 0.16091954022988506,
        "recall": 0.03211009174311927,
        "f1": 0.05353728489483748,
        "auc": 0.5781406155966026
    },
    "confusion_matrix": [
        [
            3296,
            73
        ],
        [
            422,
            14
        ]
    ],
    "training_time": 0.006000518798828125
}