{
    "train_metrics": {
        "accuracy": 1.0,
        "precision": 1.0,
        "recall": 1.0,
        "f1": 1.0,
        "auc": 1.0
    },
    "test_metrics": {
        "accuracy": 0.8896189224704336,
        "precision": 0.7222222222222222,
        "recall": 0.05963302752293578,
        "f1": 0.11016949152542373,
        "auc": 0.7595671271523142
    },
    "confusion_matrix": [
        [
            3359,
            10
        ],
        [
            410,
            26
        ]
    ],
    "training_time": 12.652182579040527
}