{
    "train_metrics": {
        "accuracy": 0.9438365597979953,
        "precision": 0.9974273218420375,
        "recall": 0.8899686280511133,
        "f1": 0.9406389001213101,
        "auc": 0.9854791335400847
    },
    "test_metrics": {
        "accuracy": 0.8940867279894875,
        "precision": 0.7894736842105263,
        "recall": 0.10321100917431193,
        "f1": 0.18255578093306288,
        "auc": 0.7817186380953158
    },
    "confusion_matrix": [
        [
            3357,
            12
        ],
        [
            391,
            45
        ]
    ],
    "training_time": 0.8890013694763184
}