{
    "best_params": {
        "metric": "manhattan",
        "n_neighbors": 3,
        "p": 1,
        "weights": "distance"
    },
    "best_cv_score": 0.12467707711886214,
    "train_metrics": {
        "accuracy": 1.0,
        "precision": 1.0,
        "recall": 1.0,
        "f1": 1.0,
        "auc": 1.0
    },
    "test_metrics": {
        "accuracy": 0.854927726675427,
        "precision": 0.1813186813186813,
        "recall": 0.07568807339449542,
        "f1": 0.10679611650485436,
        "auc": 0.5607273957644034
    },
    "confusion_matrix": [
        [
            3220,
            149
        ],
        [
            403,
            33
        ]
    ],
    "optimization_time": 671.7065489292145
}