{
    "train_metrics": {
        "accuracy": 1.0,
        "precision": 1.0,
        "recall": 1.0,
        "f1": 1.0,
        "auc": 1.0
    },
    "test_metrics": {
        "accuracy": 0.8869908015768725,
        "precision": 0.6363636363636364,
        "recall": 0.03211009174311927,
        "f1": 0.0611353711790393,
        "auc": 0.7644231947519341
    },
    "confusion_matrix": [
        [
            3361,
            8
        ],
        [
            422,
            14
        ]
    ],
    "training_time": 6.437223434448242
}