{
    "train_metrics": {
        "accuracy": 0.9440362205893268,
        "precision": 0.997919267582189,
        "recall": 0.8899280041564611,
        "f1": 0.9408349026993095,
        "auc": 0.9854585452962494
    },
    "test_metrics": {
        "accuracy": 0.8922470433639947,
        "precision": 0.825,
        "recall": 0.07568807339449542,
        "f1": 0.13865546218487396,
        "auc": 0.7779137086386672
    },
    "confusion_matrix": [
        [
            3362,
            7
        ],
        [
            403,
            33
        ]
    ],
    "training_time": 0.8565218448638916
}