{
    "train_metrics": {
        "accuracy": 1.0,
        "precision": 1.0,
        "recall": 1.0,
        "f1": 1.0,
        "auc": 1.0
    },
    "test_metrics": {
        "accuracy": 0.897503285151117,
        "precision": 0.8194444444444444,
        "recall": 0.1353211009174312,
        "f1": 0.23228346456692914,
        "auc": 0.8645907369131941
    },
    "confusion_matrix": [
        [
            3356,
            13
        ],
        [
            377,
            59
        ]
    ],
    "training_time": 6.431997776031494
}