{
    "train_metrics": {
        "accuracy": 0.801130389064143,
        "precision": 0.35606910477899933,
        "recall": 0.9104991394148021,
        "f1": 0.5119354838709678,
        "auc": 0.9316010529803577
    },
    "test_metrics": {
        "accuracy": 0.7293035479632063,
        "precision": 0.2390158172231986,
        "recall": 0.6238532110091743,
        "f1": 0.34561626429479037,
        "auc": 0.7634026921118344
    },
    "confusion_matrix": [
        [
            2503,
            866
        ],
        [
            164,
            272
        ]
    ],
    "training_time": 0.507002592086792
}