{
    "train_metrics": {
        "accuracy": 0.8771526225844617,
        "precision": 0.4810012062726176,
        "recall": 0.9150889271371199,
        "f1": 0.6305593990907294,
        "auc": 0.9646139836821648
    },
    "test_metrics": {
        "accuracy": 0.8386333771353482,
        "precision": 0.3937947494033413,
        "recall": 0.7568807339449541,
        "f1": 0.5180533751962323,
        "auc": 0.8760855179850825
    },
    "confusion_matrix": [
        [
            2861,
            508
        ],
        [
            106,
            330
        ]
    ],
    "training_time": 0.568000316619873
}